,AidData TUFF Project ID,city_temp_id,region_temp_id,country_id
0,53632.0,46,,192
1,53634.0,47,,192
2,53637.0,48,,192
3,53999.0,49,,192
4,66152.0,53,,164
5,65676.0,62,,096
6,66314.0,63,,096
7,67496.0,64,,096
8,67727.0,65,,096
9,72349.0,66,,096
10,73559.0,67,,096
11,54680.0,319,,015
12,54783.0,320,,015
13,62557.0,321,,015
14,64951.0,322,,015
15,69238.0,323,,015
16,69239.0,324,,015
17,88039.0,325,,015
18,88167.0,326,,015
19,65733.0,96,,210
20,65740.0,97,,210
21,65847.0,98,,210
22,38349.0,20,,233
23,53584.0,21,,233
24,69033.0,22,,233
25,69864.0,23,,233
26,54835.0,2,,032
27,54858.0,3,,032
28,63992.0,4,,032
29,72081.0,5,,032
30,66084.0,89,,182
31,66744.0,90,,182
32,66745.0,91,,182
33,66901.0,92,,182
34,85144.0,93,,182
35,59438.0,14,,126
36,59738.0,15,,126
37,59754.0,16,,126
38,54613.0,84,,020
39,55410.0,85,,020
40,42227.0,33,,166
41,58033.0,28,,097
42,62853.0,3372,,021
43,64587.0,3373,,021
44,62760.0,11,,236
45,71636.0,12,,236
46,71637.0,13,,236
47,71638.0,14,,236
48,71639.0,15,,236
49,85167.0,141,,183
50,56083.0,24,,071
51,48921.0,28,,226
52,49566.0,29,,226
53,61800.0,30,,226
54,62459.0,31,,226
55,62464.0,32,,226
56,85382.0,33,,226
57,87160.0,34,,226
58,53116.0,37,,127
59,53396.0,38,,127
60,53477.0,39,,127
61,57586.0,40,,127
62,60021.0,41,,127
63,70577.0,42,,127
64,70666.0,43,,127
65,72107.0,44,,127
66,56700.0,30,,129
67,54594.0,168,,017
68,54975.0,145,,017
69,54637.0,472,,038
70,57806.0,19,,100
71,59422.0,20,,100
72,59473.0,21,,100
73,73659.0,22,,100
74,69560.0,2,,003
75,71375.0,27,,072
76,71377.0,28,,072
77,85370.0,29,,072
78,54759.0,86,,040
79,69333.0,87,,040
80,71531.0,2,,041
81,58856.0,90,,101
82,58928.0,91,,101
83,59522.0,92,,101
84,59524.0,85,,101
85,59533.0,93,,101
86,59393.0,7,,139
87,85139.0,8,,139
88,55629.0,2,,042
89,56191.0,3,,042
90,72663.0,4,,042
91,59712.0,80,,018
92,57855.0,110,,140
93,58505.0,111,,140
94,59501.0,112,,140
95,62131.0,15,,130
96,56080.0,16,,141
97,48765.0,46,,142
98,48766.0,47,,142
99,48767.0,48,,142
100,59050.0,49,,142
101,59627.0,50,,142
102,59978.0,51,,142
103,60017.0,52,,142
104,60972.0,53,,142
105,64288.0,9,,026
106,64901.0,10,,026
107,65032.0,11,,026
108,85769.0,12,,026
109,59855.0,20,,102
110,59964.0,21,,102
111,56668.0,10,,073
112,56755.0,1,,073
113,57017.0,1,,073
114,60153.0,26,,074
115,72704.0,27,,074
116,54894.0,2,,045
117,69316.0,1,,045
118,72724.0,3,,045
119,64408.0,30,,076
120,64425.0,31,,076
121,64509.0,32,,076
122,64624.0,33,,076
123,57221.0,12,,077
124,56146.0,13,,047
125,70803.0,14,,047
126,70805.0,15,,047
127,71208.0,16,,047
128,85737.0,17,,047
129,85749.0,18,,047
130,85750.0,19,,047
131,49828.0,134,,216
132,61320.0,135,,216
133,61321.0,136,,216
134,61396.0,137,,216
135,61426.0,138,,216
136,61430.0,139,,216
137,62064.0,140,,216
138,62261.0,141,,216
139,62280.0,142,,216
140,66266.0,143,,216
141,66267.0,144,,216
142,66406.0,145,,216
143,67564.0,146,,216
144,69113.0,147,,216
145,69418.0,148,,216
146,69419.0,149,,216
147,69599.0,150,,216
148,73327.0,151,,216
149,66999.0,224,,195
150,67004.0,225,,195
151,67126.0,226,,195
152,67389.0,227,,195
153,67608.0,228,,195
154,67618.0,229,,195
155,85268.0,230,,195
156,65453.0,44,,144
157,65844.0,76,,145
158,56740.0,19,,050
159,52552.0,15,,146
160,64796.0,16,,146
161,64797.0,17,,146
162,64870.0,18,,146
163,64985.0,19,,146
164,72499.0,20,,146
165,72500.0,21,,146
166,72502.0,22,,146
167,53576.0,120,,211
168,53795.0,121,,211
169,53928.0,122,,211
170,54478.0,123,,211
171,54989.0,124,,211
172,54990.0,125,,211
173,54991.0,126,,211
174,55016.0,127,,211
175,55029.0,128,,211
176,70646.0,129,,211
177,70845.0,130,,211
178,52927.0,25,,103
179,58153.0,64,,103
180,58342.0,65,,103
181,58387.0,66,,103
182,58510.0,67,,103
183,58661.0,68,,103
184,58693.0,69,,103
185,58737.0,70,,103
186,59867.0,71,,103
187,69574.0,72,,103
188,57683.0,38,,212
189,64210.0,21,,227
190,64378.0,22,,227
191,64644.0,23,,227
192,64663.0,24,,227
193,64786.0,25,,227
194,64816.0,26,,227
195,65786.0,13,,147
196,55839.0,12,,104
197,60024.0,30,,119
198,72748.0,31,,119
199,57499.0,30,,105
200,57555.0,31,,105
201,57601.0,32,,105
202,62285.0,36,,228
203,62286.0,37,,228
204,53832.0,22,,197
205,53918.0,23,,197
206,54278.0,24,,197
207,54281.0,25,,197
208,69440.0,26,,197
209,58565.0,32,,079
210,59038.0,33,,079
211,71990.0,34,,079
212,56930.0,4,,080
213,57011.0,23,,080
214,54675.0,1027,,013
215,54925.0,1028,,013
216,85015.0,1029,,013
217,64133.0,2,,244
218,64525.0,6,,244
219,64540.0,7,,244
220,66302.0,82,,189
221,67161.0,25,,172
222,73243.0,26,,172
223,85201.0,27,,172
224,53168.0,42,,107
225,57644.0,43,,107
226,57652.0,44,,107
227,72895.0,45,,107
228,73265.0,1,,Non
229,63430.0,42,,229
230,53714.0,39,,198
231,53719.0,40,,198
232,71850.0,41,,198
233,58559.0,70,,134
234,63321.0,2,,005
235,37233.0,110,,200
236,37236.0,111,,200
237,52423.0,112,,200
238,52424.0,113,,200
239,52431.0,114,,200
240,57673.0,115,,200
241,61212.0,29,,222
242,61562.0,30,,222
243,63174.0,31,,222
244,63688.0,32,,222
245,64161.0,33,,222
246,64174.0,34,,222
247,68905.0,35,,222
248,56273.0,105,,019
249,56429.0,106,,019
250,63671.0,1534,,237
251,63927.0,1535,,237
252,63928.0,1536,,237
253,67091.0,1488,,247
254,61282.0,13,,007
255,64765.0,14,,007
256,64874.0,15,,007
257,65361.0,16,,007
258,55420.0,8,,110
259,55544.0,9,,110
260,67516.0,10,,110
261,67518.0,11,,110
262,73448.0,21,,083
263,66338.0,202,,175
264,66339.0,203,,175
265,67020.0,204,,175
266,67788.0,205,,175
267,55584.0,2,,124
268,55589.0,3,,124
269,62222.0,7,,084
270,62223.0,8,,084
271,62224.0,9,,084
272,62745.0,10,,084
273,73304.0,11,,084
274,71596.0,2,,064
275,58385.0,107,,111
276,33431.0,23,,204
277,53527.0,24,,204
278,53528.0,25,,204
279,53529.0,26,,204
280,53566.0,27,,204
281,53567.0,28,,204
282,53679.0,29,,204
283,54217.0,30,,204
284,56680.0,40,,150
285,64569.0,107,,151
286,64630.0,108,,151
287,64634.0,109,,151
288,53786.0,18,,205
289,53787.0,19,,205
290,70407.0,20,,205
291,71143.0,21,,205
292,62177.0,394,,231
293,63109.0,14,,217
294,72406.0,10,,136
295,72429.0,11,,136
296,49242.0,2,,009
297,62890.0,2,,009
298,56424.0,88,,137
299,56474.0,89,,137
300,56669.0,90,,137
301,67286.0,197,,152
302,67289.0,198,,152
303,67686.0,199,,152
304,66402.0,209,,191
305,66793.0,510,,191
306,66794.0,511,,191
307,54986.0,56,,023
308,68884.0,57,,023
309,40326.0,59,,213
310,53686.0,60,,213
311,54040.0,61,,213
312,54144.0,62,,213
313,54385.0,63,,213
314,54490.0,64,,213
315,72141.0,65,,213
316,72174.0,66,,213
317,72686.0,67,,213
318,63198.0,7,,225
319,63214.0,81,,232
320,64799.0,3,,148
321,57092.0,36,,114
322,57560.0,37,,114
323,59154.0,38,,114
324,62215.0,27,,115
325,62405.0,28,,115
326,53635.0,50,,192
327,52335.0,1,,Non
328,86378.0,2,,Non
329,66128.0,48,,164
330,43781.0,155,,125
331,53202.0,156,,125
332,65753.0,68,,096
333,65758.0,69,,096
334,66866.0,70,,096
335,66869.0,71,,096
336,66871.0,72,,096
337,67333.0,73,,096
338,67414.0,74,,096
339,68708.0,75,,096
340,73546.0,76,,096
341,73547.0,77,,096
342,73548.0,78,,096
343,73549.0,79,,096
344,73550.0,80,,096
345,73551.0,81,,096
346,73553.0,82,,096
347,73555.0,83,,096
348,73556.0,84,,096
349,73558.0,85,,096
350,73560.0,40,,096
351,73561.0,86,,096
352,73562.0,87,,096
353,73563.0,88,,096
354,73565.0,89,,096
355,73566.0,90,,096
356,73567.0,35,,096
357,73572.0,91,,096
358,73636.0,92,,096
359,73657.0,93,,096
360,73658.0,94,,096
361,73684.0,95,,096
362,73904.0,96,,096
363,73905.0,97,,096
364,73906.0,98,,096
365,73907.0,99,,096
366,73909.0,100,,096
367,54912.0,2,,029
368,52875.0,327,,015
369,54587.0,328,,015
370,66787.0,68,,209
371,66789.0,69,,209
372,65286.0,99,,210
373,65731.0,100,,210
374,38342.0,24,,233
375,39352.0,25,,233
376,52153.0,26,,233
377,52730.0,27,,233
378,52735.0,28,,233
379,52748.0,29,,233
380,53530.0,30,,233
381,55046.0,31,,233
382,69388.0,32,,233
383,54834.0,6,,032
384,54883.0,7,,032
385,55324.0,8,,032
386,71826.0,9,,032
387,71827.0,10,,032
388,71832.0,11,,032
389,66079.0,94,,182
390,66083.0,95,,182
391,59423.0,17,,126
392,59632.0,18,,126
393,52520.0,86,,020
394,54570.0,87,,020
395,54624.0,88,,020
396,66348.0,34,,166
397,53223.0,2,,097
398,59863.0,3374,,021
399,59891.0,3375,,021
400,59898.0,3376,,021
401,88000.0,3377,,021
402,66619.0,142,,183
403,66624.0,143,,183
404,52961.0,16,,071
405,52965.0,25,,071
406,56164.0,26,,071
407,61174.0,35,,226
408,61176.0,36,,226
409,61775.0,37,,226
410,62126.0,38,,226
411,65138.0,39,,226
412,65143.0,40,,226
413,52494.0,45,,127
414,58637.0,46,,127
415,58812.0,47,,127
416,56297.0,31,,129
417,73444.0,32,,129
418,69208.0,169,,017
419,85260.0,170,,017
420,52997.0,6,,099
421,57234.0,7,,099
422,52179.0,23,,100
423,59199.0,24,,100
424,66062.0,30,,072
425,73441.0,31,,072
426,69532.0,88,,040
427,69894.0,89,,040
428,69921.0,90,,040
429,69924.0,91,,040
430,58853.0,94,,101
431,59089.0,95,,101
432,60065.0,96,,101
433,59375.0,9,,139
434,55928.0,5,,042
435,56294.0,1,,042
436,56316.0,6,,042
437,58437.0,81,,018
438,58513.0,82,,018
439,59270.0,83,,018
440,59662.0,84,,018
441,69780.0,85,,018
442,62399.0,16,,130
443,56056.0,17,,141
444,52279.0,54,,142
445,52938.0,55,,142
446,58583.0,56,,142
447,59947.0,57,,142
448,59973.0,58,,142
449,60677.0,59,,142
450,49144.0,13,,026
451,49126.0,2,,004
452,53004.0,22,,102
453,60600.0,23,,102
454,60605.0,24,,102
455,56748.0,11,,073
456,67714.0,42,,186
457,57981.0,28,,074
458,59302.0,29,,074
459,72703.0,30,,074
460,73212.0,31,,074
461,54895.0,4,,045
462,61062.0,5,,045
463,64464.0,34,,076
464,57060.0,13,,077
465,57424.0,14,,077
466,56470.0,20,,047
467,70498.0,21,,047
468,71207.0,22,,047
469,85756.0,23,,047
470,71486.0,16,,048
471,71529.0,17,,048
472,39363.0,152,,216
473,46420.0,153,,216
474,61313.0,154,,216
475,61428.0,155,,216
476,61465.0,156,,216
477,61474.0,157,,216
478,62065.0,158,,216
479,62069.0,159,,216
480,66187.0,160,,216
481,67801.0,161,,216
482,69234.0,162,,216
483,69306.0,163,,216
484,73318.0,164,,216
485,86572.0,165,,216
486,66039.0,231,,195
487,67085.0,232,,195
488,68574.0,233,,195
489,85280.0,234,,195
490,57211.0,20,,050
491,57213.0,21,,050
492,69334.0,22,,050
493,64473.0,23,,146
494,64588.0,24,,146
495,64723.0,25,,146
496,72504.0,26,,146
497,53553.0,131,,211
498,53580.0,132,,211
499,55030.0,133,,211
500,47025.0,73,,103
501,52929.0,74,,103
502,53104.0,75,,103
503,53111.0,76,,103
504,58152.0,77,,103
505,33726.0,27,,227
506,63448.0,28,,227
507,63452.0,29,,227
508,64211.0,30,,227
509,64813.0,31,,227
510,85304.0,32,,227
511,55842.0,13,,104
512,52421.0,18,,078
513,60644.0,19,,078
514,60028.0,32,,119
515,57750.0,33,,105
516,57775.0,34,,105
517,58652.0,35,,105
518,69250.0,36,,105
519,66656.0,38,,228
520,38037.0,27,,197
521,54277.0,28,,197
522,69783.0,29,,197
523,73239.0,35,,079
524,53449.0,24,,080
525,52968.0,7,,120
526,56004.0,8,,120
527,70257.0,1030,,013
528,49208.0,28,,239
529,66280.0,29,,239
530,66321.0,23,,239
531,70301.0,30,,239
532,85698.0,31,,239
533,53162.0,700,,081
534,56621.0,701,,081
535,57436.0,46,,107
536,57712.0,47,,107
537,63694.0,43,,229
538,63883.0,44,,229
539,64498.0,45,,229
540,31058.0,32,,108
541,53073.0,33,,108
542,61334.0,34,,108
543,38411.0,42,,198
544,47043.0,43,,198
545,53689.0,44,,198
546,71750.0,45,,198
547,71751.0,46,,198
548,71777.0,47,,198
549,71790.0,48,,198
550,71849.0,49,,198
551,71852.0,50,,198
552,58587.0,71,,134
553,66553.0,18,,199
554,39013.0,116,,200
555,52518.0,117,,200
556,52521.0,118,,200
557,52525.0,119,,200
558,52542.0,120,,200
559,53560.0,121,,200
560,53562.0,122,,200
561,53675.0,123,,200
562,53723.0,124,,200
563,54087.0,125,,200
564,54317.0,126,,200
565,54320.0,127,,200
566,54415.0,128,,200
567,54416.0,129,,200
568,54423.0,130,,200
569,54424.0,131,,200
570,71714.0,107,,019
571,73529.0,108,,019
572,73707.0,109,,019
573,66407.0,368,,190
574,67041.0,1489,,247
575,67062.0,1490,,247
576,67063.0,1491,,247
577,67064.0,1492,,247
578,86538.0,22,,083
579,53089.0,206,,175
580,66332.0,207,,175
581,66333.0,208,,175
582,66335.0,209,,175
583,66336.0,210,,175
584,67010.0,211,,175
585,67013.0,212,,175
586,55526.0,4,,124
587,55684.0,5,,124
588,44628.0,12,,084
589,61847.0,13,,084
590,62554.0,14,,084
591,62744.0,15,,084
592,73307.0,16,,084
593,52560.0,108,,111
594,53526.0,31,,204
595,53565.0,32,,204
596,53616.0,33,,204
597,53650.0,34,,204
598,53657.0,35,,204
599,53659.0,36,,204
600,53682.0,37,,204
601,68943.0,38,,204
602,53314.0,41,,150
603,55419.0,15,,065
604,70351.0,16,,065
605,46222.0,22,,205
606,53592.0,23,,205
607,53990.0,24,,205
608,70324.0,25,,205
609,70367.0,26,,205
610,85754.0,395,,231
611,67928.0,12,,136
612,67948.0,13,,136
613,65299.0,3,,009
614,56660.0,91,,137
615,67287.0,200,,152
616,67288.0,201,,152
617,67342.0,202,,152
618,52680.0,58,,023
619,55000.0,59,,023
620,55027.0,60,,023
621,53842.0,68,,213
622,54387.0,69,,213
623,58413.0,95,,069
624,63303.0,82,,232
625,63674.0,83,,232
626,64492.0,84,,232
627,65742.0,85,,232
628,65791.0,86,,232
629,72770.0,87,,232
630,85377.0,88,,232
631,86021.0,89,,232
632,52439.0,4,,148
633,64717.0,5,,148
634,57087.0,39,,114
635,66848.0,40,,114
636,72642.0,41,,114
637,54775.0,51,,192
638,52269.0,3,,Non
639,65330.0,101,,096
640,54648.0,3,,029
641,71086.0,4,,029
642,66946.0,101,,210
643,54697.0,4,,031
644,54698.0,5,,031
645,43854.0,5,,233
646,56541.0,33,,233
647,69108.0,34,,233
648,69292.0,35,,233
649,54851.0,12,,032
650,54855.0,13,,032
651,54908.0,14,,032
652,55326.0,15,,032
653,66304.0,96,,182
654,66460.0,97,,182
655,66865.0,98,,182
656,66904.0,99,,182
657,66935.0,100,,182
658,66941.0,101,,182
659,66960.0,102,,182
660,66961.0,103,,182
661,67001.0,104,,182
662,67296.0,105,,182
663,85146.0,106,,182
664,85161.0,107,,182
665,85172.0,108,,182
666,52142.0,19,,126
667,38832.0,89,,020
668,52515.0,90,,020
669,72520.0,91,,020
670,42855.0,35,,166
671,52916.0,36,,166
672,66069.0,37,,166
673,35670.0,29,,097
674,52200.0,2,,097
675,53025.0,30,,097
676,39081.0,3378,,021
677,49198.0,16,,236
678,86372.0,17,,236
679,66658.0,144,,183
680,73416.0,20,,098
681,52964.0,27,,071
682,48887.0,41,,226
683,62645.0,42,,226
684,65142.0,43,,226
685,57622.0,48,,127
686,52944.0,26,,128
687,35038.0,33,,129
688,57146.0,8,,099
689,59768.0,25,,100
690,69010.0,26,,100
691,49399.0,1,,003
692,63673.0,3,,003
693,70371.0,21,,039
694,70440.0,22,,039
695,43988.0,32,,072
696,54762.0,92,,040
697,54766.0,93,,040
698,54875.0,94,,040
699,69158.0,95,,040
700,63619.0,38,,240
701,46235.0,85,,101
702,58962.0,97,,101
703,59208.0,98,,101
704,59211.0,99,,101
705,59212.0,100,,101
706,59213.0,101,,101
707,59223.0,102,,101
708,85274.0,103,,101
709,85285.0,85,,101
710,59420.0,10,,139
711,58983.0,86,,018
712,69468.0,87,,018
713,85320.0,88,,018
714,61151.0,17,,130
715,56051.0,18,,141
716,30236.0,60,,142
717,58616.0,61,,142
718,59970.0,62,,142
719,69083.0,63,,142
720,49129.0,14,,026
721,49132.0,15,,026
722,65824.0,16,,026
723,53008.0,25,,102
724,60368.0,26,,102
725,60737.0,27,,102
726,67711.0,43,,186
727,85252.0,44,,186
728,57992.0,32,,074
729,57995.0,33,,074
730,60114.0,34,,074
731,54950.0,1,,045
732,61061.0,6,,045
733,64458.0,35,,076
734,73894.0,4,,076
735,56458.0,24,,047
736,38769.0,166,,216
737,61324.0,167,,216
738,66207.0,168,,216
739,66216.0,169,,216
740,66251.0,170,,216
741,66252.0,171,,216
742,66253.0,172,,216
743,66254.0,173,,216
744,69488.0,174,,216
745,85608.0,175,,216
746,41372.0,235,,195
747,41373.0,236,,195
748,85267.0,237,,195
749,39914.0,4,,050
750,70462.0,23,,050
751,70769.0,24,,050
752,53930.0,134,,211
753,43984.0,78,,103
754,47008.0,79,,103
755,52499.0,80,,103
756,46350.0,39,,212
757,53585.0,40,,212
758,54004.0,41,,212
759,71240.0,42,,212
760,38706.0,33,,227
761,63447.0,34,,227
762,64690.0,35,,227
763,64771.0,36,,227
764,67552.0,37,,227
765,40971.0,14,,147
766,55845.0,14,,104
767,35498.0,20,,078
768,52259.0,21,,078
769,52273.0,22,,078
770,56011.0,23,,078
771,60646.0,24,,078
772,85142.0,25,,078
773,58508.0,33,,119
774,72747.0,34,,119
775,72929.0,35,,119
776,52324.0,37,,105
777,57747.0,38,,105
778,57748.0,39,,105
779,57749.0,40,,105
780,57896.0,41,,105
781,43849.0,39,,228
782,62336.0,40,,228
783,62338.0,41,,228
784,62461.0,42,,228
785,62477.0,43,,228
786,62478.0,44,,228
787,73439.0,45,,228
788,38082.0,30,,197
789,38083.0,31,,197
790,53958.0,11,,197
791,58692.0,36,,079
792,59583.0,37,,079
793,52290.0,25,,080
794,73057.0,9,,120
795,54656.0,1031,,013
796,54657.0,1032,,013
797,54658.0,1033,,013
798,85355.0,1034,,013
799,40017.0,8,,244
800,64026.0,9,,244
801,64534.0,10,,244
802,40445.0,32,,239
803,43851.0,33,,239
804,43852.0,34,,239
805,72033.0,35,,239
806,72302.0,36,,239
807,85685.0,37,,239
808,67197.0,28,,172
809,64172.0,46,,229
810,52936.0,51,,198
811,53125.0,52,,198
812,58039.0,72,,134
813,35127.0,132,,200
814,37280.0,133,,200
815,39014.0,134,,200
816,52537.0,135,,200
817,52543.0,136,,200
818,52659.0,137,,200
819,52660.0,138,,200
820,52904.0,139,,200
821,53645.0,140,,200
822,53656.0,141,,200
823,53785.0,142,,200
824,53820.0,143,,200
825,53985.0,144,,200
826,53988.0,145,,200
827,53989.0,146,,200
828,54283.0,147,,200
829,54284.0,148,,200
830,54285.0,149,,200
831,54286.0,150,,200
832,54287.0,151,,200
833,54315.0,152,,200
834,54420.0,153,,200
835,54530.0,154,,200
836,72072.0,155,,200
837,72695.0,156,,200
838,85357.0,21,,054
839,63850.0,36,,222
840,63990.0,37,,222
841,56099.0,110,,019
842,66493.0,369,,190
843,66590.0,1493,,247
844,67040.0,1494,,247
845,67174.0,1495,,247
846,85164.0,1496,,247
847,85166.0,1497,,247
848,64851.0,17,,007
849,53182.0,23,,083
850,73436.0,24,,083
851,66928.0,213,,175
852,53021.0,17,,084
853,53654.0,39,,204
854,53773.0,40,,204
855,69107.0,41,,204
856,56801.0,42,,150
857,36767.0,17,,065
858,70315.0,18,,065
859,70000.0,27,,205
860,43928.0,396,,231
861,43929.0,397,,231
862,85849.0,15,,217
863,72405.0,14,,136
864,72458.0,15,,136
865,39686.0,13,,066
866,56666.0,92,,137
867,43959.0,203,,152
868,67308.0,204,,152
869,85242.0,61,,023
870,39661.0,70,,213
871,63187.0,8,,225
872,64055.0,9,,225
873,64056.0,10,,225
874,64069.0,11,,225
875,44150.0,96,,069
876,72786.0,90,,232
877,72787.0,91,,232
878,72788.0,92,,232
879,56960.0,42,,114
880,57565.0,43,,114
881,73171.0,44,,114
882,62290.0,29,,115
883,62320.0,30,,115
884,63475.0,31,,115
885,72669.0,32,,115
886,69984.0,52,,192
887,36111.0,102,,096
888,36148.0,103,,096
889,43787.0,104,,096
890,43789.0,105,,096
891,43992.0,106,,096
892,68458.0,107,,096
893,73912.0,108,,096
894,54706.0,5,,029
895,69827.0,6,,029
896,37090.0,329,,015
897,54585.0,330,,015
898,54755.0,331,,015
899,54827.0,332,,015
900,66522.0,70,,209
901,54844.0,6,,031
902,34237.0,36,,233
903,38678.0,5,,233
904,54807.0,16,,032
905,72097.0,17,,032
906,66067.0,109,,182
907,66737.0,110,,182
908,66899.0,111,,182
909,66902.0,112,,182
910,58712.0,20,,126
911,44142.0,3379,,021
912,44143.0,3380,,021
913,60050.0,3381,,021
914,60064.0,3382,,021
915,60071.0,3383,,021
916,60073.0,3384,,021
917,60075.0,3385,,021
918,60076.0,3386,,021
919,60082.0,3387,,021
920,60083.0,3388,,021
921,60084.0,3389,,021
922,60089.0,3390,,021
923,60103.0,3391,,021
924,36117.0,16,,071
925,56521.0,28,,071
926,61656.0,44,,226
927,62471.0,45,,226
928,31877.0,49,,127
929,46436.0,50,,127
930,70667.0,51,,127
931,37419.0,171,,017
932,85346.0,172,,017
933,35690.0,9,,099
934,52992.0,10,,099
935,41526.0,27,,100
936,58408.0,28,,100
937,58720.0,29,,100
938,58721.0,30,,100
939,69009.0,31,,100
940,70530.0,23,,039
941,85322.0,24,,039
942,30857.0,33,,072
943,53269.0,34,,072
944,43110.0,96,,040
945,54749.0,97,,040
946,54869.0,98,,040
947,46978.0,39,,240
948,64043.0,40,,240
949,73481.0,41,,240
950,36320.0,104,,101
951,37306.0,105,,101
952,53457.0,106,,101
953,53232.0,11,,139
954,59535.0,12,,139
955,72601.0,6,,139
956,63317.0,1,,042
957,63351.0,1,,042
958,59460.0,113,,140
959,30534.0,18,,130
960,35432.0,19,,130
961,61136.0,20,,130
962,52967.0,19,,141
963,55738.0,20,,141
964,36256.0,64,,142
965,58560.0,65,,142
966,58972.0,66,,142
967,59899.0,67,,142
968,60045.0,68,,142
969,69512.0,69,,142
970,49128.0,17,,026
971,49133.0,18,,026
972,49135.0,19,,026
973,64238.0,20,,026
974,60601.0,28,,102
975,67713.0,45,,186
976,57991.0,35,,074
977,54769.0,7,,045
978,85813.0,8,,045
979,85814.0,9,,045
980,35245.0,36,,076
981,64351.0,37,,076
982,64472.0,38,,076
983,64642.0,39,,076
984,64648.0,40,,076
985,52250.0,15,,077
986,73510.0,16,,077
987,70775.0,25,,047
988,35552.0,39,,049
989,39372.0,176,,216
990,39373.0,177,,216
991,61533.0,178,,216
992,62275.0,179,,216
993,66200.0,180,,216
994,66290.0,181,,216
995,66293.0,182,,216
996,67061.0,238,,195
997,67638.0,239,,195
998,67640.0,240,,195
999,67641.0,241,,195
1000,85271.0,242,,195
1001,85278.0,243,,195
1002,85279.0,244,,195
1003,65483.0,77,,145
1004,70696.0,25,,050
1005,61142.0,135,,211
1006,72399.0,136,,211
1007,85185.0,137,,211
1008,31777.0,81,,103
1009,36046.0,82,,103
1010,36047.0,83,,103
1011,36048.0,84,,103
1012,36096.0,85,,103
1013,37103.0,86,,103
1014,59699.0,87,,103
1015,40304.0,43,,212
1016,54379.0,44,,212
1017,63450.0,38,,227
1018,64777.0,39,,227
1019,64819.0,40,,227
1020,85247.0,15,,147
1021,41545.0,26,,078
1022,41552.0,27,,078
1023,41553.0,28,,078
1024,45030.0,29,,078
1025,35502.0,36,,119
1026,43981.0,37,,119
1027,57762.0,42,,105
1028,58078.0,43,,105
1029,69178.0,44,,105
1030,35079.0,46,,228
1031,62383.0,47,,228
1032,38034.0,32,,197
1033,58682.0,38,,079
1034,57014.0,26,,080
1035,64112.0,11,,244
1036,66299.0,83,,189
1037,66436.0,84,,189
1038,66559.0,85,,189
1039,68998.0,38,,239
1040,42330.0,29,,172
1041,42954.0,30,,172
1042,30947.0,702,,081
1043,53454.0,703,,081
1044,60784.0,48,,107
1045,63820.0,47,,229
1046,62435.0,35,,108
1047,38407.0,53,,198
1048,38680.0,54,,198
1049,58558.0,73,,134
1050,41916.0,157,,200
1051,41917.0,158,,200
1052,41918.0,159,,200
1053,50939.0,160,,200
1054,53557.0,161,,200
1055,53558.0,162,,200
1056,72712.0,163,,200
1057,39383.0,38,,222
1058,62968.0,39,,222
1059,63849.0,40,,222
1060,63907.0,41,,222
1061,65001.0,42,,222
1062,36420.0,111,,019
1063,55424.0,112,,019
1064,55426.0,113,,019
1065,55427.0,114,,019
1066,43810.0,1537,,237
1067,66502.0,370,,190
1068,85153.0,371,,190
1069,46883.0,18,,007
1070,61281.0,19,,007
1071,61603.0,20,,007
1072,64033.0,21,,007
1073,64864.0,22,,007
1074,53002.0,25,,083
1075,53279.0,26,,083
1076,53280.0,27,,083
1077,42555.0,214,,175
1078,66158.0,215,,175
1079,66228.0,216,,175
1080,66229.0,217,,175
1081,73586.0,6,,124
1082,44339.0,18,,084
1083,33402.0,42,,204
1084,33488.0,43,,204
1085,38337.0,44,,204
1086,39004.0,45,,204
1087,43877.0,46,,204
1088,53522.0,47,,204
1089,30543.0,43,,150
1090,85332.0,44,,150
1091,55998.0,19,,065
1092,56287.0,20,,065
1093,40489.0,28,,205
1094,46211.0,29,,205
1095,53588.0,30,,205
1096,53755.0,31,,205
1097,70220.0,32,,205
1098,71137.0,33,,205
1099,71391.0,34,,205
1100,71443.0,35,,205
1101,38112.0,16,,217
1102,68494.0,16,,136
1103,65298.0,4,,009
1104,39709.0,13,,066
1105,30323.0,93,,137
1106,35585.0,94,,137
1107,36130.0,95,,137
1108,67350.0,205,,152
1109,85194.0,512,,191
1110,54998.0,62,,023
1111,68880.0,63,,023
1112,53862.0,71,,213
1113,54149.0,72,,213
1114,72181.0,73,,213
1115,72570.0,74,,213
1116,37740.0,12,,225
1117,37748.0,13,,225
1118,37763.0,14,,225
1119,37768.0,15,,225
1120,49224.0,16,,225
1121,38293.0,97,,069
1122,58621.0,98,,069
1123,39151.0,93,,232
1124,62594.0,94,,232
1125,64420.0,95,,232
1126,65285.0,43,,208
1127,40893.0,45,,114
1128,42412.0,54,,164
1129,34934.0,109,,096
1130,65679.0,110,,096
1131,67112.0,111,,096
1132,67189.0,112,,096
1133,67310.0,113,,096
1134,67323.0,114,,096
1135,67367.0,115,,096
1136,67419.0,116,,096
1137,67517.0,117,,096
1138,73913.0,118,,096
1139,54573.0,7,,029
1140,54726.0,333,,015
1141,88262.0,334,,015
1142,34225.0,37,,233
1143,38967.0,38,,233
1144,53583.0,39,,233
1145,72157.0,1,,032
1146,42422.0,113,,182
1147,42473.0,114,,182
1148,44197.0,115,,182
1149,66727.0,116,,182
1150,66959.0,117,,182
1151,73246.0,118,,182
1152,30847.0,21,,126
1153,58722.0,22,,126
1154,58807.0,23,,126
1155,59639.0,24,,126
1156,72795.0,25,,126
1157,73406.0,26,,126
1158,39077.0,3392,,021
1159,39083.0,3393,,021
1160,60009.0,3394,,021
1161,60046.0,3395,,021
1162,60048.0,3396,,021
1163,60053.0,3397,,021
1164,60054.0,3398,,021
1165,60087.0,3399,,021
1166,60363.0,3400,,021
1167,53158.0,16,,071
1168,38780.0,46,,226
1169,62180.0,47,,226
1170,62217.0,48,,226
1171,30251.0,52,,127
1172,30904.0,53,,127
1173,59249.0,54,,127
1174,35673.0,34,,129
1175,55851.0,35,,129
1176,39065.0,173,,017
1177,39444.0,231,,038
1178,30200.0,32,,100
1179,30502.0,33,,100
1180,31029.0,34,,100
1181,31030.0,35,,100
1182,31032.0,36,,100
1183,68909.0,37,,100
1184,68956.0,38,,100
1185,72815.0,39,,100
1186,72912.0,40,,100
1187,72915.0,41,,100
1188,72916.0,42,,100
1189,73708.0,43,,100
1190,37313.0,25,,039
1191,37364.0,26,,039
1192,39847.0,27,,039
1193,30922.0,35,,072
1194,86333.0,42,,240
1195,58850.0,107,,101
1196,58907.0,108,,101
1197,59080.0,109,,101
1198,59093.0,110,,101
1199,59094.0,111,,101
1200,34937.0,13,,139
1201,46183.0,14,,139
1202,59271.0,15,,139
1203,59528.0,16,,139
1204,59593.0,17,,139
1205,39817.0,1,,042
1206,39819.0,1,,042
1207,39830.0,7,,042
1208,55371.0,8,,042
1209,56271.0,9,,042
1210,72250.0,10,,042
1211,72665.0,11,,042
1212,35977.0,89,,018
1213,35982.0,90,,018
1214,30950.0,21,,141
1215,34935.0,22,,141
1216,30171.0,70,,142
1217,30241.0,71,,142
1218,30244.0,72,,142
1219,30560.0,73,,142
1220,30886.0,74,,142
1221,30915.0,75,,142
1222,34764.0,76,,142
1223,36251.0,77,,142
1224,43993.0,78,,142
1225,58656.0,79,,142
1226,59850.0,80,,142
1227,60351.0,81,,142
1228,69146.0,82,,142
1229,70083.0,83,,142
1230,70085.0,84,,142
1231,70086.0,85,,142
1232,64952.0,21,,026
1233,85704.0,22,,026
1234,60747.0,29,,102
1235,73174.0,30,,102
1236,35008.0,36,,074
1237,58088.0,37,,074
1238,54965.0,10,,045
1239,69272.0,11,,045
1240,53003.0,41,,076
1241,64469.0,42,,076
1242,57052.0,17,,077
1243,44153.0,26,,047
1244,71206.0,27,,047
1245,53783.0,435,,194
1246,54345.0,436,,194
1247,34748.0,183,,216
1248,39375.0,184,,216
1249,49810.0,185,,216
1250,66397.0,186,,216
1251,70724.0,187,,216
1252,85372.0,188,,216
1253,66040.0,245,,195
1254,41409.0,78,,145
1255,39759.0,26,,050
1256,39900.0,27,,050
1257,39901.0,28,,050
1258,39915.0,4,,050
1259,64345.0,29,,050
1260,69279.0,30,,050
1261,72023.0,31,,050
1262,53544.0,138,,211
1263,73476.0,139,,211
1264,30544.0,88,,103
1265,30803.0,89,,103
1266,52925.0,90,,103
1267,58740.0,91,,103
1268,39620.0,45,,212
1269,40491.0,46,,212
1270,43847.0,47,,212
1271,54001.0,48,,212
1272,54405.0,49,,212
1273,33828.0,41,,227
1274,64223.0,42,,227
1275,64770.0,43,,227
1276,85264.0,44,,227
1277,65712.0,16,,147
1278,65714.0,17,,147
1279,31120.0,15,,104
1280,30745.0,30,,078
1281,30752.0,31,,078
1282,39978.0,32,,078
1283,41899.0,33,,078
1284,53253.0,34,,078
1285,55416.0,35,,078
1286,53131.0,38,,119
1287,777.0,45,,105
1288,30333.0,46,,105
1289,31285.0,47,,105
1290,35021.0,48,,105
1291,57763.0,49,,105
1292,58110.0,50,,105
1293,49402.0,48,,228
1294,71700.0,49,,228
1295,35022.0,39,,079
1296,72350.0,40,,079
1297,56843.0,27,,080
1298,56903.0,28,,080
1299,41446.0,1035,,013
1300,63906.0,12,,244
1301,68650.0,39,,239
1302,72020.0,40,,239
1303,85836.0,41,,239
1304,86279.0,42,,239
1305,42467.0,31,,172
1306,67160.0,15,,172
1307,67194.0,32,,172
1308,73153.0,33,,172
1309,30391.0,49,,107
1310,31064.0,50,,107
1311,64061.0,48,,229
1312,64310.0,49,,229
1313,38543.0,55,,198
1314,32661.0,74,,134
1315,58414.0,75,,134
1316,30341.0,79,,135
1317,30371.0,80,,135
1318,42999.0,78,,178
1319,66438.0,79,,178
1320,66444.0,80,,178
1321,35266.0,164,,200
1322,43805.0,165,,200
1323,72710.0,166,,200
1324,39378.0,43,,222
1325,61187.0,44,,222
1326,62854.0,45,,222
1327,63848.0,46,,222
1328,56098.0,115,,019
1329,62921.0,116,,019
1330,44243.0,372,,190
1331,66498.0,373,,190
1332,73251.0,374,,190
1333,43002.0,1498,,247
1334,66481.0,1499,,247
1335,67037.0,1500,,247
1336,61607.0,23,,007
1337,64850.0,24,,007
1338,44284.0,218,,175
1339,66978.0,219,,175
1340,55801.0,7,,124
1341,35023.0,19,,084
1342,62971.0,20,,084
1343,31303.0,109,,111
1344,41600.0,110,,111
1345,58714.0,111,,111
1346,73262.0,112,,111
1347,33396.0,48,,204
1348,33407.0,49,,204
1349,33409.0,50,,204
1350,33458.0,51,,204
1351,38260.0,7,,204
1352,35024.0,45,,150
1353,38302.0,21,,065
1354,40479.0,36,,205
1355,40482.0,37,,205
1356,46215.0,38,,205
1357,53615.0,39,,205
1358,71411.0,40,,205
1359,71741.0,41,,205
1360,71884.0,13,,205
1361,64411.0,398,,231
1362,62977.0,17,,217
1363,64446.0,18,,217
1364,35012.0,17,,136
1365,39706.0,19,,066
1366,39708.0,20,,066
1367,39716.0,21,,066
1368,69020.0,22,,066
1369,42977.0,513,,191
1370,66566.0,514,,191
1371,39664.0,39,,213
1372,40242.0,75,,213
1373,40325.0,76,,213
1374,37727.0,17,,225
1375,38053.0,99,,069
1376,41465.0,100,,069
1377,58610.0,101,,069
1378,64417.0,96,,232
1379,65179.0,97,,232
1380,85379.0,98,,232
1381,41003.0,44,,208
1382,41052.0,45,,208
1383,57392.0,46,,114
1384,35655.0,33,,115
1385,62674.0,34,,115
1386,53740.0,53,,192
1387,54772.0,54,,192
1388,30287.0,1,,Non
1389,28218.0,119,,096
1390,64148.0,120,,096
1391,64152.0,121,,096
1392,64184.0,122,,096
1393,66313.0,53,,096
1394,67418.0,123,,096
1395,67510.0,124,,096
1396,68294.0,125,,096
1397,68456.0,40,,096
1398,39786.0,8,,029
1399,40702.0,9,,029
1400,69847.0,10,,029
1401,71173.0,11,,029
1402,36517.0,335,,015
1403,54829.0,336,,015
1404,69134.0,337,,015
1405,65745.0,102,,210
1406,39640.0,7,,031
1407,39740.0,8,,031
1408,34230.0,40,,233
1409,38969.0,41,,233
1410,59029.0,18,,032
1411,42313.0,119,,182
1412,46413.0,120,,182
1413,66992.0,121,,182
1414,66993.0,122,,182
1415,73430.0,27,,126
1416,39076.0,3401,,021
1417,59826.0,3402,,021
1418,59988.0,3403,,021
1419,59991.0,3404,,021
1420,60000.0,3405,,021
1421,60002.0,3406,,021
1422,60004.0,3407,,021
1423,64580.0,3408,,021
1424,34936.0,16,,071
1425,35065.0,16,,071
1426,53194.0,29,,071
1427,56498.0,30,,071
1428,32155.0,49,,226
1429,32189.0,50,,226
1430,33064.0,51,,226
1431,61164.0,52,,226
1432,62456.0,53,,226
1433,30166.0,55,,127
1434,30188.0,56,,127
1435,31868.0,57,,127
1436,31883.0,58,,127
1437,35010.0,27,,128
1438,55628.0,28,,128
1439,36960.0,473,,038
1440,35696.0,11,,099
1441,369.0,44,,100
1442,30807.0,45,,100
1443,58276.0,46,,100
1444,72959.0,47,,100
1445,60791.0,36,,072
1446,66064.0,37,,072
1447,66116.0,2,,072
1448,63807.0,17,,240
1449,65016.0,43,,240
1450,86332.0,44,,240
1451,36321.0,112,,101
1452,53508.0,113,,101
1453,53517.0,114,,101
1454,58849.0,115,,101
1455,30346.0,18,,139
1456,59137.0,4,,139
1457,59327.0,4,,139
1458,59525.0,19,,139
1459,59549.0,4,,139
1460,85281.0,20,,139
1461,39815.0,12,,042
1462,39828.0,13,,042
1463,39829.0,1,,042
1464,55854.0,14,,042
1465,56270.0,15,,042
1466,61107.0,16,,042
1467,59286.0,91,,018
1468,62398.0,21,,130
1469,62447.0,22,,130
1470,30527.0,23,,141
1471,58536.0,86,,142
1472,59178.0,87,,142
1473,60344.0,88,,142
1474,60658.0,89,,142
1475,39405.0,23,,026
1476,64738.0,24,,026
1477,66892.0,25,,026
1478,30086.0,38,,074
1479,30481.0,39,,074
1480,30600.0,40,,074
1481,30709.0,41,,074
1482,32344.0,42,,074
1483,35241.0,43,,074
1484,40764.0,12,,045
1485,35007.0,43,,076
1486,34938.0,18,,077
1487,36574.0,28,,047
1488,39888.0,29,,047
1489,71205.0,30,,047
1490,85828.0,31,,047
1491,43953.0,437,,194
1492,34992.0,189,,216
1493,39185.0,190,,216
1494,61206.0,191,,216
1495,61325.0,192,,216
1496,61401.0,193,,216
1497,61427.0,194,,216
1498,69125.0,195,,216
1499,72027.0,32,,050
1500,39556.0,140,,211
1501,54798.0,141,,211
1502,30402.0,92,,103
1503,31086.0,35,,103
1504,31087.0,93,,103
1505,31089.0,94,,103
1506,31290.0,95,,103
1507,44338.0,96,,103
1508,58154.0,97,,103
1509,58350.0,98,,103
1510,39619.0,50,,212
1511,40185.0,51,,212
1512,40195.0,52,,212
1513,57797.0,53,,212
1514,35757.0,45,,227
1515,38597.0,46,,227
1516,47140.0,47,,227
1517,64269.0,48,,227
1518,64695.0,49,,227
1519,64699.0,50,,227
1520,53050.0,16,,104
1521,18648.0,36,,078
1522,30313.0,37,,078
1523,30352.0,38,,078
1524,35501.0,39,,119
1525,30991.0,51,,105
1526,65990.0,50,,228
1527,20162.0,10,,120
1528,40002.0,13,,244
1529,31310.0,704,,081
1530,1240.0,51,,107
1531,57131.0,52,,107
1532,72896.0,53,,107
1533,30396.0,36,,108
1534,31053.0,37,,108
1535,35691.0,38,,108
1536,41578.0,39,,108
1537,61252.0,40,,108
1538,38343.0,56,,198
1539,38346.0,57,,198
1540,38562.0,58,,198
1541,38638.0,59,,198
1542,71753.0,60,,198
1543,32673.0,76,,134
1544,58381.0,77,,134
1545,1851.0,81,,135
1546,72693.0,167,,200
1547,72694.0,168,,200
1548,36414.0,117,,019
1549,55899.0,118,,019
1550,56428.0,119,,019
1551,63411.0,120,,019
1552,72910.0,121,,019
1553,43054.0,1501,,247
1554,43072.0,1502,,247
1555,37736.0,25,,007
1556,40528.0,26,,007
1557,41889.0,27,,007
1558,61643.0,28,,007
1559,64848.0,29,,007
1560,42550.0,220,,175
1561,55674.0,8,,124
1562,58675.0,113,,111
1563,58676.0,114,,111
1564,33380.0,52,,204
1565,39023.0,53,,204
1566,39024.0,54,,204
1567,39025.0,55,,204
1568,39029.0,56,,204
1569,65812.0,57,,204
1570,30434.0,46,,150
1571,32593.0,47,,150
1572,67644.0,110,,151
1573,40440.0,42,,205
1574,70174.0,43,,205
1575,70319.0,44,,205
1576,72490.0,45,,205
1577,49974.0,399,,231
1578,38137.0,19,,217
1579,38576.0,20,,217
1580,46970.0,18,,136
1581,65064.0,19,,136
1582,72737.0,20,,136
1583,73652.0,21,,136
1584,73836.0,22,,136
1585,37749.0,5,,009
1586,65917.0,2,,009
1587,67094.0,6,,009
1588,39751.0,23,,066
1589,39754.0,24,,066
1590,30329.0,96,,137
1591,31082.0,97,,137
1592,43960.0,206,,152
1593,42515.0,515,,191
1594,40148.0,77,,213
1595,53665.0,78,,213
1596,53953.0,79,,213
1597,54832.0,80,,213
1598,64053.0,18,,225
1599,64054.0,19,,225
1600,37915.0,102,,069
1601,58367.0,59,,069
1602,65246.0,99,,232
1603,65794.0,100,,232
1604,72776.0,101,,232
1605,30137.0,35,,115
1606,35659.0,36,,115
1607,30822.0,126,,096
1608,34750.0,127,,096
1609,35400.0,128,,096
1610,53184.0,129,,096
1611,73903.0,130,,096
1612,39633.0,12,,029
1613,54574.0,13,,029
1614,54707.0,14,,029
1615,54708.0,1,,029
1616,54709.0,15,,029
1617,54710.0,16,,029
1618,64610.0,17,,029
1619,54754.0,338,,015
1620,88199.0,339,,015
1621,43955.0,103,,210
1622,54717.0,9,,031
1623,54718.0,10,,031
1624,39811.0,19,,032
1625,42318.0,123,,182
1626,42336.0,124,,182
1627,44198.0,125,,182
1628,66641.0,126,,182
1629,66722.0,127,,182
1630,66741.0,128,,182
1631,59515.0,28,,126
1632,73366.0,29,,126
1633,73429.0,30,,126
1634,36009.0,92,,020
1635,39075.0,93,,020
1636,42189.0,38,,166
1637,66352.0,39,,166
1638,34927.0,31,,097
1639,58555.0,32,,097
1640,39078.0,3409,,021
1641,39079.0,3410,,021
1642,44196.0,131,,183
1643,66520.0,145,,183
1644,73415.0,21,,098
1645,359.0,16,,071
1646,56459.0,16,,071
1647,61163.0,54,,226
1648,289.0,59,,127
1649,350.0,60,,127
1650,356.0,61,,127
1651,31869.0,62,,127
1652,58632.0,63,,127
1653,30221.0,36,,129
1654,35672.0,37,,129
1655,56337.0,38,,129
1656,72356.0,39,,129
1657,37346.0,174,,017
1658,54803.0,175,,017
1659,141.0,48,,100
1660,31028.0,49,,100
1661,32012.0,50,,100
1662,32013.0,51,,100
1663,59400.0,52,,100
1664,35705.0,28,,039
1665,33663.0,38,,072
1666,36255.0,99,,040
1667,59028.0,116,,101
1668,59092.0,117,,101
1669,59427.0,118,,101
1670,35421.0,21,,139
1671,59359.0,4,,139
1672,59523.0,22,,139
1673,72664.0,17,,042
1674,35818.0,92,,018
1675,39063.0,93,,018
1676,58591.0,94,,018
1677,58593.0,95,,018
1678,60794.0,96,,018
1679,72444.0,114,,140
1680,61539.0,23,,130
1681,62127.0,24,,130
1682,35437.0,24,,141
1683,1347.0,90,,142
1684,1380.0,91,,142
1685,1471.0,92,,142
1686,30113.0,93,,142
1687,30563.0,94,,142
1688,58592.0,95,,142
1689,59363.0,96,,142
1690,59365.0,97,,142
1691,60648.0,98,,142
1692,39339.0,26,,026
1693,44175.0,27,,026
1694,64272.0,28,,026
1695,517.0,31,,102
1696,60603.0,32,,102
1697,30118.0,44,,074
1698,32345.0,45,,074
1699,35239.0,46,,074
1700,73196.0,47,,074
1701,796.0,19,,077
1702,56136.0,32,,047
1703,56482.0,33,,047
1704,71195.0,34,,047
1705,85826.0,35,,047
1706,43946.0,196,,216
1707,43947.0,197,,216
1708,43948.0,198,,216
1709,43949.0,199,,216
1710,43950.0,200,,216
1711,43951.0,201,,216
1712,49813.0,202,,216
1713,66291.0,203,,216
1714,85270.0,246,,195
1715,39896.0,33,,050
1716,72024.0,34,,050
1717,43966.0,27,,146
1718,39557.0,142,,211
1719,40266.0,143,,211
1720,41941.0,144,,211
1721,43825.0,145,,211
1722,43844.0,146,,211
1723,1290.0,99,,103
1724,17832.0,100,,103
1725,26313.0,101,,103
1726,31090.0,102,,103
1727,59697.0,45,,103
1728,40431.0,54,,212
1729,35756.0,51,,227
1730,63757.0,52,,227
1731,64228.0,53,,227
1732,64721.0,54,,227
1733,64725.0,55,,227
1734,64754.0,56,,227
1735,64810.0,57,,227
1736,85309.0,58,,227
1737,41005.0,18,,147
1738,31118.0,17,,104
1739,1791.0,39,,078
1740,1792.0,40,,078
1741,1805.0,41,,078
1742,18590.0,42,,078
1743,24920.0,43,,078
1744,828.0,52,,105
1745,17983.0,53,,105
1746,17994.0,54,,105
1747,23346.0,55,,105
1748,30048.0,56,,105
1749,58117.0,57,,105
1750,38222.0,33,,197
1751,30653.0,41,,079
1752,35440.0,42,,079
1753,59704.0,43,,079
1754,73242.0,44,,079
1755,73245.0,45,,079
1756,18750.0,29,,080
1757,32587.0,30,,080
1758,34154.0,31,,080
1759,63904.0,14,,244
1760,47065.0,43,,239
1761,66085.0,44,,239
1762,72304.0,45,,239
1763,2065.0,705,,081
1764,56524.0,400,,081
1765,1221.0,54,,107
1766,57908.0,55,,107
1767,35766.0,50,,229
1768,63841.0,51,,229
1769,41119.0,41,,108
1770,34420.0,61,,198
1771,34421.0,62,,198
1772,38705.0,63,,198
1773,38755.0,64,,198
1774,53716.0,65,,198
1775,256.0,78,,134
1776,18148.0,79,,134
1777,32756.0,80,,134
1778,58433.0,81,,134
1779,42922.0,81,,178
1780,37023.0,169,,200
1781,37287.0,170,,200
1782,38990.0,171,,200
1783,39030.0,172,,200
1784,53541.0,173,,200
1785,53891.0,174,,200
1786,72395.0,175,,200
1787,72711.0,176,,200
1788,39370.0,47,,222
1789,40426.0,48,,222
1790,56274.0,122,,019
1791,56426.0,123,,019
1792,56427.0,124,,019
1793,69288.0,125,,019
1794,73527.0,54,,019
1795,63877.0,1538,,237
1796,44244.0,375,,190
1797,64849.0,30,,007
1798,42549.0,221,,175
1799,22211.0,21,,084
1800,31283.0,22,,084
1801,35407.0,23,,084
1802,35649.0,24,,084
1803,53053.0,25,,084
1804,33485.0,58,,204
1805,45520.0,59,,204
1806,47019.0,60,,204
1807,71574.0,61,,204
1808,71645.0,62,,204
1809,71647.0,63,,204
1810,30423.0,48,,150
1811,70449.0,22,,065
1812,41087.0,111,,151
1813,43724.0,46,,205
1814,54361.0,47,,205
1815,1931.0,65,,113
1816,64397.0,21,,217
1817,35492.0,23,,136
1818,64343.0,24,,136
1819,72415.0,25,,136
1820,64185.0,7,,009
1821,39807.0,25,,066
1822,59994.0,26,,066
1823,60012.0,27,,066
1824,44280.0,516,,191
1825,66362.0,517,,191
1826,40128.0,81,,213
1827,53667.0,82,,213
1828,64067.0,20,,225
1829,37289.0,103,,069
1830,37914.0,104,,069
1831,37924.0,105,,069
1832,37940.0,106,,069
1833,37941.0,107,,069
1834,38055.0,108,,069
1835,35270.0,102,,232
1836,38919.0,103,,232
1837,64402.0,104,,232
1838,65148.0,105,,232
1839,65808.0,106,,232
1840,65899.0,107,,232
1841,65254.0,29,,208
1842,73097.0,47,,114
1843,22055.0,37,,115
1844,22114.0,38,,115
1845,22271.0,39,,115
1846,22506.0,40,,115
1847,25723.0,41,,115
1848,34627.0,55,,192
1849,523.0,157,,125
1850,31758.0,158,,125
1851,47101.0,131,,096
1852,63957.0,132,,096
1853,67304.0,133,,096
1854,73796.0,134,,096
1855,73911.0,135,,096
1856,85374.0,136,,096
1857,36929.0,340,,015
1858,41096.0,341,,015
1859,44155.0,342,,015
1860,54745.0,343,,015
1861,39719.0,11,,031
1862,39720.0,12,,031
1863,34217.0,42,,233
1864,38332.0,43,,233
1865,42220.0,129,,182
1866,42314.0,130,,182
1867,42355.0,131,,182
1868,66982.0,132,,182
1869,66983.0,133,,182
1870,35661.0,31,,126
1871,59030.0,32,,126
1872,35922.0,94,,020
1873,39080.0,3411,,021
1874,57118.0,22,,098
1875,35675.0,16,,071
1876,53160.0,31,,071
1877,32053.0,55,,226
1878,32249.0,56,,226
1879,33092.0,57,,226
1880,35582.0,58,,226
1881,35687.0,59,,226
1882,38722.0,60,,226
1883,62454.0,61,,226
1884,62469.0,62,,226
1885,974.0,64,,127
1886,31819.0,65,,127
1887,58695.0,66,,127
1888,420.0,29,,128
1889,36228.0,30,,128
1890,73346.0,31,,128
1891,44160.0,474,,038
1892,54701.0,475,,038
1893,30070.0,12,,099
1894,35697.0,13,,099
1895,32011.0,53,,100
1896,54733.0,29,,039
1897,58874.0,39,,072
1898,72687.0,40,,072
1899,63578.0,45,,240
1900,63941.0,46,,240
1901,63943.0,47,,240
1902,63951.0,48,,240
1903,67768.0,49,,240
1904,454.0,119,,101
1905,36333.0,120,,101
1906,58848.0,121,,101
1907,58919.0,122,,101
1908,59984.0,123,,101
1909,60047.0,124,,101
1910,39832.0,18,,042
1911,40155.0,1,,042
1912,55342.0,19,,042
1913,38935.0,97,,018
1914,39085.0,98,,018
1915,35431.0,25,,130
1916,73371.0,25,,141
1917,34447.0,99,,142
1918,59016.0,100,,142
1919,69129.0,101,,142
1920,40003.0,29,,026
1921,49134.0,30,,026
1922,62719.0,31,,026
1923,62721.0,32,,026
1924,66699.0,33,,026
1925,684.0,33,,102
1926,60753.0,34,,102
1927,67712.0,46,,186
1928,35242.0,48,,074
1929,61058.0,13,,045
1930,38300.0,36,,047
1931,38375.0,37,,047
1932,71135.0,38,,047
1933,85825.0,39,,047
1934,53777.0,438,,194
1935,53778.0,439,,194
1936,54026.0,346,,194
1937,54343.0,440,,194
1938,54344.0,441,,194
1939,54362.0,442,,194
1940,67365.0,247,,195
1941,68566.0,248,,195
1942,38304.0,35,,050
1943,39758.0,36,,050
1944,57145.0,37,,050
1945,64767.0,28,,146
1946,40265.0,147,,211
1947,40267.0,148,,211
1948,1265.0,103,,103
1949,1277.0,104,,103
1950,31023.0,105,,103
1951,60169.0,106,,103
1952,60195.0,107,,103
1953,33809.0,59,,227
1954,35713.0,60,,227
1955,35759.0,61,,227
1956,43956.0,62,,227
1957,55671.0,5,,104
1958,1722.0,44,,078
1959,1724.0,45,,078
1960,1726.0,46,,078
1961,1731.0,47,,078
1962,19632.0,48,,078
1963,35500.0,40,,119
1964,72749.0,41,,119
1965,72851.0,42,,119
1966,25657.0,58,,105
1967,34996.0,34,,197
1968,1544.0,46,,079
1969,32649.0,32,,080
1970,63902.0,15,,244
1971,47010.0,23,,239
1972,66257.0,46,,239
1973,68942.0,47,,239
1974,85843.0,48,,239
1975,1230.0,56,,107
1976,72890.0,20,,107
1977,46986.0,52,,229
1978,63821.0,53,,229
1979,63842.0,54,,229
1980,64646.0,55,,229
1981,64763.0,56,,229
1982,35692.0,42,,108
1983,38399.0,66,,198
1984,38752.0,67,,198
1985,38753.0,68,,198
1986,35694.0,82,,134
1987,195.0,82,,135
1988,39307.0,3,,005
1989,66247.0,19,,199
1990,85255.0,20,,199
1991,36237.0,177,,200
1992,37016.0,178,,200
1993,70728.0,179,,200
1994,70730.0,180,,200
1995,70753.0,181,,200
1996,63847.0,49,,222
1997,73611.0,50,,222
1998,36064.0,126,,019
1999,39089.0,127,,019
2000,56425.0,128,,019
2001,69055.0,129,,019
2002,69318.0,130,,019
2003,38255.0,1539,,237
2004,63960.0,1540,,237
2005,66412.0,376,,190
2006,43026.0,1503,,247
2007,44225.0,1504,,247
2008,44226.0,1505,,247
2009,44227.0,1506,,247
2010,44228.0,1507,,247
2011,44229.0,1508,,247
2012,66385.0,1509,,247
2013,67153.0,1510,,247
2014,49231.0,31,,007
2015,61682.0,32,,007
2016,53281.0,28,,083
2017,66981.0,222,,175
2018,32642.0,9,,124
2019,73583.0,10,,124
2020,46971.0,64,,204
2021,53805.0,65,,204
2022,71641.0,66,,204
2023,71642.0,67,,204
2024,71643.0,68,,204
2025,71644.0,69,,204
2026,71646.0,70,,204
2027,85184.0,71,,204
2028,1052.0,49,,150
2029,53415.0,50,,150
2030,55696.0,51,,150
2031,71824.0,52,,150
2032,40051.0,48,,205
2033,38011.0,22,,217
2034,37721.0,8,,009
2035,39199.0,9,,009
2036,39808.0,28,,066
2037,19565.0,98,,137
2038,67339.0,207,,152
2039,67345.0,208,,152
2040,68916.0,64,,023
2041,53668.0,83,,213
2042,42011.0,4,,225
2043,37833.0,109,,069
2044,58724.0,110,,069
2045,58801.0,111,,069
2046,58804.0,112,,069
2047,69375.0,113,,069
2048,35236.0,108,,232
2049,65949.0,109,,232
2050,65950.0,110,,232
2051,65190.0,46,,208
2052,65191.0,47,,208
2053,65192.0,48,,208
2054,2339.0,48,,114
2055,85186.0,49,,114
2056,85349.0,50,,114
2057,20963.0,42,,115
2058,56910.0,2,,Non
2059,31785.0,159,,125
2060,64674.0,137,,096
2061,64677.0,138,,096
2062,64678.0,139,,096
2063,64679.0,140,,096
2064,64862.0,141,,096
2065,65044.0,142,,096
2066,67366.0,143,,096
2067,69183.0,18,,029
2068,44156.0,344,,015
2069,44157.0,13,,031
2070,70120.0,44,,233
2071,54882.0,20,,032
2072,42179.0,134,,182
2073,42183.0,135,,182
2074,42949.0,136,,182
2075,43266.0,137,,182
2076,31312.0,33,,126
2077,34144.0,34,,126
2078,37409.0,95,,020
2079,37415.0,96,,020
2080,40.0,33,,097
2081,46.0,34,,097
2082,58633.0,3412,,021
2083,21687.0,32,,071
2084,32119.0,63,,226
2085,32156.0,64,,226
2086,32161.0,65,,226
2087,32168.0,66,,226
2088,32180.0,67,,226
2089,32195.0,68,,226
2090,61673.0,69,,226
2091,63035.0,70,,226
2092,314.0,67,,127
2093,31888.0,68,,127
2094,59618.0,69,,127
2095,34168.0,32,,128
2096,32656.0,40,,129
2097,34153.0,41,,129
2098,21627.0,14,,099
2099,30201.0,54,,100
2100,36334.0,55,,100
2101,37266.0,30,,039
2102,70500.0,31,,039
2103,66425.0,41,,072
2104,44158.0,100,,040
2105,69972.0,36,,040
2106,63945.0,50,,240
2107,86331.0,51,,240
2108,19114.0,125,,101
2109,53507.0,126,,101
2110,59091.0,127,,101
2111,59429.0,128,,101
2112,59430.0,129,,101
2113,59431.0,130,,101
2114,59484.0,131,,101
2115,85286.0,132,,101
2116,20000.0,23,,139
2117,39831.0,20,,042
2118,63347.0,21,,042
2119,30970.0,115,,140
2120,30971.0,116,,140
2121,41017.0,117,,140
2122,60529.0,118,,140
2123,34170.0,26,,130
2124,62082.0,27,,130
2125,62256.0,28,,130
2126,30533.0,26,,141
2127,35438.0,27,,141
2128,980.0,102,,142
2129,1438.0,103,,142
2130,31313.0,104,,142
2131,41923.0,34,,026
2132,64742.0,35,,026
2133,60752.0,35,,102
2134,67000.0,47,,186
2135,1912.0,49,,074
2136,2102.0,50,,074
2137,31426.0,44,,076
2138,64455.0,45,,076
2139,32434.0,20,,077
2140,54346.0,443,,194
2141,38546.0,204,,216
2142,38600.0,205,,216
2143,38601.0,206,,216
2144,38610.0,207,,216
2145,38611.0,208,,216
2146,61681.0,209,,216
2147,62054.0,210,,216
2148,67236.0,211,,216
2149,73314.0,212,,216
2150,43350.0,38,,050
2151,40241.0,149,,211
2152,54066.0,150,,211
2153,61056.0,151,,211
2154,947.0,108,,103
2155,1267.0,109,,103
2156,16392.0,110,,103
2157,46348.0,55,,212
2158,33816.0,63,,227
2159,64756.0,64,,227
2160,64757.0,65,,227
2161,64760.0,66,,227
2162,85326.0,67,,227
2163,65642.0,19,,147
2164,35258.0,18,,104
2165,1713.0,49,,078
2166,30736.0,50,,078
2167,34175.0,43,,119
2168,776.0,59,,105
2169,829.0,60,,105
2170,23366.0,61,,105
2171,23385.0,62,,105
2172,58150.0,63,,105
2173,43848.0,51,,228
2174,62385.0,52,,228
2175,66615.0,53,,228
2176,73574.0,54,,228
2177,59516.0,47,,079
2178,32980.0,4,,080
2179,36188.0,33,,080
2180,1156.0,11,,120
2181,14352.0,12,,120
2182,34155.0,13,,120
2183,72885.0,14,,120
2184,40012.0,16,,244
2185,40023.0,5,,244
2186,44325.0,15,,189
2187,1222.0,20,,107
2188,21389.0,20,,107
2189,73237.0,43,,108
2190,38347.0,69,,198
2191,38389.0,70,,198
2192,32660.0,83,,134
2193,42283.0,82,,178
2194,36057.0,182,,200
2195,36058.0,183,,200
2196,37131.0,184,,200
2197,53872.0,74,,200
2198,54137.0,185,,200
2199,54138.0,186,,200
2200,71792.0,74,,200
2201,65153.0,4,,246
2202,39326.0,51,,222
2203,39344.0,52,,222
2204,61186.0,53,,222
2205,69380.0,54,,222
2206,39086.0,131,,019
2207,39090.0,132,,019
2208,73599.0,133,,019
2209,38251.0,1541,,237
2210,43808.0,1542,,237
2211,44245.0,377,,190
2212,43051.0,1511,,247
2213,67169.0,1512,,247
2214,68219.0,33,,007
2215,55540.0,11,,124
2216,2258.0,26,,084
2217,2260.0,27,,084
2218,22222.0,28,,084
2219,33329.0,72,,204
2220,33369.0,73,,204
2221,33452.0,74,,204
2222,71664.0,75,,204
2223,71667.0,76,,204
2224,71670.0,77,,204
2225,71672.0,78,,204
2226,1007.0,14,,150
2227,1013.0,53,,150
2228,1050.0,54,,150
2229,1051.0,55,,150
2230,1059.0,56,,150
2231,34178.0,57,,150
2232,35442.0,58,,150
2233,73214.0,59,,150
2234,67637.0,112,,151
2235,40063.0,49,,205
2236,53750.0,50,,205
2237,54106.0,51,,205
2238,70910.0,52,,205
2239,71101.0,53,,205
2240,43930.0,400,,231
2241,38192.0,23,,217
2242,43756.0,26,,136
2243,43758.0,27,,136
2244,68450.0,28,,136
2245,68465.0,29,,136
2246,56523.0,99,,137
2247,40393.0,25,,206
2248,42496.0,518,,191
2249,54994.0,65,,023
2250,70580.0,84,,213
2251,39212.0,21,,225
2252,64066.0,22,,225
2253,37442.0,114,,069
2254,37443.0,115,,069
2255,34616.0,111,,232
2256,38383.0,112,,232
2257,63652.0,113,,232
2258,63663.0,114,,232
2259,63670.0,115,,232
2260,64398.0,116,,232
2261,64463.0,117,,232
2262,65174.0,49,,208
2263,354.0,51,,114
2264,56956.0,52,,114
2265,20216.0,43,,115
2266,20463.0,44,,115
2267,34625.0,56,,192
2268,34722.0,57,,192
2269,53888.0,58,,192
2270,69985.0,59,,192
2271,88130.0,60,,192
2272,54572.0,19,,029
2273,43803.0,71,,209
2274,34070.0,45,,233
2275,43265.0,138,,182
2276,66650.0,139,,182
2277,66652.0,140,,182
2278,117.0,35,,126
2279,59509.0,36,,126
2280,85366.0,37,,126
2281,37417.0,97,,020
2282,35669.0,35,,097
2283,39082.0,3413,,021
2284,824.0,23,,098
2285,36221.0,16,,071
2286,56135.0,33,,071
2287,72774.0,34,,071
2288,32202.0,71,,226
2289,38785.0,72,,226
2290,31835.0,70,,127
2291,31875.0,71,,127
2292,36229.0,33,,128
2293,87603.0,34,,128
2294,35671.0,42,,129
2295,44148.0,176,,017
2296,36000.0,476,,038
2297,73526.0,15,,099
2298,57779.0,56,,100
2299,57887.0,57,,100
2300,59183.0,58,,100
2301,37877.0,4,,003
2302,40532.0,5,,003
2303,37238.0,32,,039
2304,37397.0,33,,039
2305,718.0,2,,072
2306,30583.0,42,,072
2307,73835.0,52,,240
2308,86324.0,53,,240
2309,31415.0,133,,101
2310,31680.0,134,,101
2311,34183.0,135,,101
2312,53519.0,136,,101
2313,59478.0,137,,101
2314,73145.0,138,,101
2315,59258.0,24,,139
2316,59342.0,25,,139
2317,59358.0,4,,139
2318,59597.0,26,,139
2319,72398.0,27,,139
2320,69451.0,99,,018
2321,35430.0,29,,130
2322,61637.0,30,,130
2323,62257.0,31,,130
2324,56238.0,28,,141
2325,59452.0,29,,141
2326,966.0,105,,142
2327,1346.0,106,,142
2328,60727.0,107,,142
2329,41932.0,36,,026
2330,85.0,36,,102
2331,34177.0,37,,102
2332,34781.0,38,,102
2333,60470.0,39,,102
2334,73173.0,40,,102
2335,42263.0,48,,186
2336,1882.0,51,,074
2337,30801.0,52,,074
2338,2373.0,46,,076
2339,13330.0,47,,076
2340,35004.0,48,,076
2341,745.0,21,,077
2342,70791.0,40,,047
2343,37864.0,213,,216
2344,38604.0,214,,216
2345,38606.0,215,,216
2346,62053.0,216,,216
2347,62206.0,217,,216
2348,56963.0,39,,050
2349,43967.0,29,,146
2350,40174.0,152,,211
2351,54489.0,153,,211
2352,54524.0,154,,211
2353,1112.0,111,,103
2354,1278.0,112,,103
2355,16026.0,113,,103
2356,59034.0,114,,103
2357,40359.0,56,,212
2358,43845.0,57,,212
2359,46364.0,58,,212
2360,73074.0,59,,212
2361,33790.0,68,,227
2362,33794.0,69,,227
2363,33800.0,70,,227
2364,63224.0,71,,227
2365,63335.0,72,,227
2366,1653.0,51,,078
2367,1661.0,52,,078
2368,1673.0,53,,078
2369,39975.0,54,,078
2370,1020.0,44,,119
2371,774.0,64,,105
2372,35417.0,65,,105
2373,58226.0,66,,105
2374,58227.0,67,,105
2375,69242.0,68,,105
2376,38230.0,35,,197
2377,1505.0,48,,079
2378,1506.0,49,,079
2379,1508.0,50,,079
2380,58716.0,51,,079
2381,34156.0,15,,120
2382,60769.0,16,,120
2383,67620.0,17,,120
2384,66395.0,86,,189
2385,86020.0,49,,239
2386,31309.0,706,,081
2387,57950.0,57,,107
2388,35693.0,44,,108
2389,68255.0,45,,108
2390,34393.0,71,,198
2391,38564.0,72,,198
2392,73319.0,84,,134
2393,31306.0,83,,135
2394,60923.0,84,,135
2395,35737.0,187,,200
2396,35739.0,188,,200
2397,39291.0,55,,222
2398,42128.0,56,,222
2399,64520.0,57,,222
2400,64653.0,58,,222
2401,64922.0,59,,222
2402,37481.0,134,,019
2403,44141.0,135,,019
2404,46985.0,136,,019
2405,49681.0,34,,007
2406,64039.0,35,,007
2407,68412.0,36,,007
2408,42983.0,223,,175
2409,32969.0,12,,124
2410,73582.0,13,,124
2411,2254.0,29,,084
2412,73310.0,30,,084
2413,31300.0,115,,111
2414,2409.0,60,,150
2415,65069.0,113,,151
2416,43943.0,54,,205
2417,72417.0,55,,205
2418,38205.0,24,,217
2419,38577.0,25,,217
2420,2189.0,30,,136
2421,25286.0,31,,136
2422,31311.0,32,,136
2423,35646.0,33,,136
2424,72407.0,34,,136
2425,39242.0,10,,009
2426,42210.0,11,,009
2427,64681.0,12,,009
2428,12970.0,100,,137
2429,43961.0,209,,152
2430,67280.0,210,,152
2431,44278.0,519,,191
2432,54995.0,66,,023
2433,34478.0,118,,232
2434,63656.0,119,,232
2435,73326.0,120,,232
2436,64968.0,6,,148
2437,65688.0,7,,148
2438,40997.0,50,,208
2439,64940.0,29,,208
2440,20007.0,45,,115
2441,66125.0,55,,164
2442,34751.0,144,,096
2443,34828.0,145,,096
2444,34832.0,146,,096
2445,34873.0,147,,096
2446,34874.0,148,,096
2447,34877.0,149,,096
2448,69022.0,345,,015
2449,69024.0,346,,015
2450,42173.0,141,,182
2451,43260.0,142,,182
2452,35918.0,3414,,021
2453,36701.0,3415,,021
2454,825.0,24,,098
2455,56260.0,35,,071
2456,32105.0,73,,226
2457,32153.0,74,,226
2458,32239.0,75,,226
2459,33054.0,76,,226
2460,33057.0,77,,226
2461,33058.0,78,,226
2462,62711.0,79,,226
2463,22839.0,72,,127
2464,22850.0,73,,127
2465,22856.0,74,,127
2466,31288.0,75,,127
2467,58694.0,76,,127
2468,58697.0,77,,127
2469,58705.0,78,,127
2470,397.0,43,,129
2471,34926.0,44,,129
2472,44149.0,177,,017
2473,37029.0,477,,038
2474,161.0,59,,100
2475,14829.0,60,,100
2476,18223.0,61,,100
2477,36335.0,62,,100
2478,57558.0,63,,100
2479,68874.0,64,,100
2480,72780.0,65,,100
2481,72781.0,66,,100
2482,72782.0,67,,100
2483,63362.0,6,,003
2484,73834.0,54,,240
2485,59035.0,139,,101
2486,59168.0,28,,139
2487,59310.0,4,,139
2488,59317.0,4,,139
2489,59469.0,29,,139
2490,546.0,119,,140
2491,31287.0,120,,140
2492,995.0,32,,130
2493,1056.0,33,,130
2494,568.0,30,,141
2495,574.0,31,,141
2496,35439.0,32,,141
2497,56386.0,33,,141
2498,64208.0,37,,026
2499,64209.0,38,,026
2500,71498.0,39,,026
2501,71499.0,40,,026
2502,231.0,41,,102
2503,658.0,42,,102
2504,60413.0,43,,102
2505,183.0,53,,074
2506,1864.0,54,,074
2507,73895.0,49,,076
2508,783.0,22,,077
2509,43952.0,444,,194
2510,38861.0,218,,216
2511,61675.0,219,,216
2512,66971.0,220,,216
2513,85359.0,221,,216
2514,41370.0,249,,195
2515,67604.0,250,,195
2516,41408.0,79,,145
2517,38074.0,40,,050
2518,39604.0,155,,211
2519,43846.0,60,,212
2520,54000.0,61,,212
2521,73072.0,62,,212
2522,47427.0,73,,227
2523,65494.0,20,,147
2524,55849.0,19,,104
2525,1631.0,55,,078
2526,1647.0,56,,078
2527,30735.0,57,,078
2528,765.0,45,,119
2529,43982.0,46,,119
2530,59319.0,47,,119
2531,778.0,69,,105
2532,34958.0,55,,228
2533,34999.0,11,,197
2534,234.0,52,,079
2535,58686.0,53,,079
2536,59534.0,54,,079
2537,37185.0,1036,,013
2538,42037.0,4,,244
2539,40400.0,50,,239
2540,43850.0,23,,239
2541,34115.0,57,,229
2542,63968.0,58,,229
2543,63969.0,59,,229
2544,64286.0,60,,229
2545,64522.0,61,,229
2546,1235.0,46,,108
2547,61037.0,47,,108
2548,34386.0,73,,198
2549,38360.0,74,,198
2550,43865.0,75,,198
2551,15226.0,85,,134
2552,17839.0,86,,134
2553,35695.0,87,,134
2554,1902.0,85,,135
2555,30629.0,86,,135
2556,31307.0,87,,135
2557,63153.0,4,,005
2558,35613.0,189,,200
2559,43804.0,190,,200
2560,64130.0,60,,222
2561,46953.0,137,,019
2562,56926.0,138,,019
2563,43807.0,1543,,237
2564,49081.0,1544,,237
2565,63948.0,1545,,237
2566,44230.0,1513,,247
2567,44231.0,153,,247
2568,44232.0,1514,,247
2569,44233.0,1515,,247
2570,44234.0,153,,247
2571,44235.0,1516,,247
2572,44236.0,1517,,247
2573,44239.0,1518,,247
2574,54945.0,3,,060
2575,61329.0,37,,007
2576,61591.0,38,,007
2577,1756.0,29,,083
2578,1939.0,30,,083
2579,35403.0,31,,084
2580,16422.0,116,,111
2581,31189.0,117,,111
2582,31301.0,118,,111
2583,33256.0,79,,204
2584,33260.0,80,,204
2585,38914.0,81,,204
2586,43876.0,82,,204
2587,71539.0,83,,204
2588,207.0,61,,150
2589,1577.0,62,,150
2590,31308.0,63,,150
2591,35448.0,64,,150
2592,73284.0,65,,150
2593,36730.0,23,,065
2594,72465.0,56,,205
2595,35330.0,26,,217
2596,233.0,35,,136
2597,1562.0,36,,136
2598,37646.0,13,,009
2599,63641.0,14,,009
2600,69498.0,26,,206
2601,44279.0,520,,191
2602,40129.0,85,,213
2603,71631.0,86,,213
2604,39294.0,23,,225
2605,58788.0,116,,069
2606,58791.0,117,,069
2607,65739.0,121,,232
2608,65941.0,122,,232
2609,41058.0,51,,208
2610,41075.0,52,,208
2611,41176.0,53,,208
2612,64938.0,54,,208
2613,19282.0,46,,115
2614,20451.0,47,,115
2615,72785.0,48,,115
2616,2276.0,3,,Non
2617,49542.0,4,,Non
2618,32853.0,150,,096
2619,34179.0,151,,096
2620,39698.0,20,,029
2621,54655.0,14,,031
2622,71975.0,21,,032
2623,42145.0,143,,182
2624,35660.0,38,,126
2625,367.0,16,,071
2626,38749.0,80,,226
2627,31837.0,79,,127
2628,32766.0,35,,128
2629,34151.0,36,,128
2630,36230.0,37,,128
2631,87605.0,38,,128
2632,56558.0,45,,129
2633,73525.0,16,,099
2634,12892.0,68,,100
2635,59241.0,69,,100
2636,68871.0,70,,100
2637,68883.0,71,,100
2638,72791.0,72,,100
2639,72792.0,73,,100
2640,713.0,43,,072
2641,73833.0,55,,240
2642,85606.0,100,,018
2643,32340.0,121,,140
2644,32371.0,34,,130
2645,100.0,108,,142
2646,725.0,109,,142
2647,1439.0,110,,142
2648,34705.0,111,,142
2649,59264.0,112,,142
2650,60606.0,44,,102
2651,1745.0,55,,074
2652,1750.0,56,,074
2653,73104.0,57,,074
2654,63703.0,14,,045
2655,2349.0,50,,076
2656,13066.0,51,,076
2657,15060.0,52,,076
2658,32429.0,23,,077
2659,71212.0,41,,047
2660,68620.0,251,,195
2661,68621.0,252,,195
2662,41286.0,45,,144
2663,57139.0,41,,050
2664,69122.0,42,,050
2665,41907.0,30,,146
2666,40162.0,156,,211
2667,1043.0,115,,103
2668,34174.0,116,,103
2669,36067.0,117,,103
2670,40336.0,63,,212
2671,64693.0,74,,227
2672,41115.0,4,,147
2673,1620.0,58,,078
2674,1627.0,59,,078
2675,1670.0,60,,078
2676,920.0,48,,119
2677,38478.0,36,,197
2678,20089.0,18,,120
2679,21229.0,19,,120
2680,37005.0,1037,,013
2681,44136.0,1038,,013
2682,44137.0,1039,,013
2683,44138.0,488,,013
2684,44139.0,1040,,013
2685,40020.0,2,,244
2686,40386.0,51,,239
2687,40465.0,52,,239
2688,86023.0,53,,239
2689,86278.0,54,,239
2690,1206.0,58,,107
2691,57430.0,59,,107
2692,63973.0,62,,229
2693,85715.0,63,,229
2694,73231.0,48,,108
2695,38354.0,76,,198
2696,38357.0,77,,198
2697,38358.0,78,,198
2698,38566.0,79,,198
2699,135.0,88,,134
2700,32796.0,89,,134
2701,35401.0,191,,200
2702,35837.0,192,,200
2703,55836.0,193,,200
2704,73381.0,194,,200
2705,39292.0,61,,222
2706,63900.0,62,,222
2707,42728.0,378,,190
2708,44246.0,379,,190
2709,44237.0,1519,,247
2710,44238.0,1520,,247
2711,44240.0,1521,,247
2712,44241.0,1350,,247
2713,66874.0,1522,,247
2714,64034.0,39,,007
2715,1702.0,31,,083
2716,42984.0,224,,175
2717,67218.0,225,,175
2718,55673.0,14,,124
2719,33340.0,84,,204
2720,33463.0,85,,204
2721,71547.0,86,,204
2722,47049.0,66,,150
2723,47060.0,67,,150
2724,47063.0,68,,150
2725,36707.0,24,,065
2726,56150.0,25,,065
2727,85250.0,114,,151
2728,39644.0,57,,205
2729,39984.0,58,,205
2730,39989.0,59,,205
2731,40351.0,60,,205
2732,40406.0,61,,205
2733,43931.0,120,,231
2734,43933.0,401,,231
2735,43934.0,402,,231
2736,43935.0,403,,231
2737,43936.0,404,,231
2738,43937.0,405,,231
2739,43939.0,406,,231
2740,43940.0,407,,231
2741,64410.0,408,,231
2742,38578.0,27,,217
2743,37638.0,15,,009
2744,39228.0,2,,009
2745,62983.0,2,,009
2746,40005.0,29,,066
2747,12985.0,101,,137
2748,35603.0,102,,137
2749,40331.0,27,,206
2750,69309.0,28,,206
2751,69310.0,29,,206
2752,44281.0,521,,191
2753,53683.0,87,,213
2754,53684.0,88,,213
2755,39210.0,24,,225
2756,39258.0,25,,225
2757,34676.0,123,,232
2758,43134.0,124,,232
2759,64465.0,125,,232
2760,65940.0,126,,232
2761,85381.0,127,,232
2762,41175.0,55,,208
2763,65175.0,56,,208
2764,2272.0,53,,114
2765,73169.0,54,,114
2766,73170.0,55,,114
2767,18721.0,49,,115
2768,18777.0,50,,115
2769,18845.0,51,,115
2770,18961.0,52,,115
2771,73098.0,53,,115
2772,69992.0,61,,192
2773,69993.0,62,,192
2774,34788.0,152,,096
2775,34796.0,153,,096
2776,34798.0,154,,096
2777,34841.0,155,,096
2778,34843.0,156,,096
2779,34844.0,157,,096
2780,34848.0,158,,096
2781,34852.0,159,,096
2782,34884.0,32,,096
2783,34885.0,160,,096
2784,54569.0,21,,029
2785,34039.0,46,,233
2786,69116.0,47,,233
2787,66872.0,144,,182
2788,35658.0,39,,126
2789,59746.0,40,,126
2790,29.0,36,,097
2791,42904.0,146,,183
2792,35064.0,16,,071
2793,35662.0,81,,226
2794,63101.0,178,,017
2795,73542.0,17,,099
2796,1049.0,74,,100
2797,36336.0,75,,100
2798,57871.0,76,,100
2799,72126.0,101,,040
2800,73070.0,140,,101
2801,72473.0,30,,139
2802,39821.0,1,,042
2803,612.0,45,,102
2804,60604.0,46,,102
2805,34598.0,58,,074
2806,39889.0,15,,045
2807,54682.0,16,,045
2808,54684.0,1,,045
2809,54764.0,17,,045
2810,61055.0,18,,045
2811,36660.0,42,,047
2812,55943.0,43,,047
2813,85829.0,44,,047
2814,61205.0,222,,216
2815,67090.0,253,,195
2816,85276.0,254,,195
2817,85277.0,255,,195
2818,39863.0,43,,050
2819,56683.0,44,,050
2820,43824.0,157,,211
2821,43986.0,118,,103
2822,40327.0,64,,212
2823,65400.0,21,,147
2824,65785.0,22,,147
2825,1096.0,20,,104
2826,71732.0,21,,104
2827,72087.0,22,,104
2828,1557.0,61,,078
2829,1589.0,62,,078
2830,1594.0,63,,078
2831,1598.0,64,,078
2832,54160.0,37,,197
2833,1503.0,55,,079
2834,58690.0,56,,079
2835,58710.0,57,,079
2836,60170.0,58,,079
2837,168.0,34,,080
2838,1144.0,20,,120
2839,39871.0,1041,,013
2840,40074.0,17,,244
2841,61582.0,5,,244
2842,63901.0,18,,244
2843,73534.0,19,,244
2844,85197.0,87,,189
2845,35828.0,64,,229
2846,64085.0,65,,229
2847,64156.0,66,,229
2848,38366.0,80,,198
2849,173.0,88,,135
2850,35108.0,195,,200
2851,35262.0,196,,200
2852,35306.0,197,,200
2853,35316.0,198,,200
2854,35318.0,199,,200
2855,42165.0,63,,222
2856,43809.0,1546,,237
2857,64861.0,40,,007
2858,55594.0,15,,124
2859,35404.0,32,,084
2860,62974.0,33,,084
2861,33186.0,87,,204
2862,33244.0,88,,204
2863,33248.0,89,,204
2864,248.0,69,,150
2865,35454.0,70,,150
2866,56155.0,26,,065
2867,65100.0,35,,151
2868,67232.0,35,,151
2869,85254.0,35,,151
2870,43938.0,409,,231
2871,2174.0,37,,136
2872,35534.0,38,,136
2873,56897.0,103,,137
2874,63082.0,26,,225
2875,34474.0,128,,232
2876,34613.0,129,,232
2877,34683.0,130,,232
2878,65736.0,131,,232
2879,35663.0,54,,115
2880,529.0,160,,125
2881,39153.0,161,,096
2882,69102.0,22,,029
2883,39718.0,15,,031
2884,42125.0,145,,182
2885,35657.0,41,,126
2886,73365.0,42,,126
2887,73376.0,43,,126
2888,85149.0,40,,166
2889,36223.0,16,,071
2890,56528.0,16,,071
2891,38851.0,82,,226
2892,36114.0,80,,127
2893,36231.0,39,,128
2894,411.0,18,,099
2895,72870.0,77,,100
2896,37880.0,7,,003
2897,54740.0,102,,040
2898,65195.0,56,,240
2899,59165.0,4,,139
2900,39838.0,1,,042
2901,57646.0,122,,140
2902,73377.0,34,,141
2903,62724.0,41,,026
2904,62759.0,42,,026
2905,73748.0,43,,026
2906,2372.0,53,,076
2907,35003.0,54,,076
2908,57411.0,24,,077
2909,70787.0,45,,047
2910,34757.0,223,,216
2911,41121.0,256,,195
2912,57003.0,45,,050
2913,1039.0,45,,103
2914,11667.0,119,,103
2915,40315.0,65,,212
2916,33755.0,75,,227
2917,63470.0,76,,227
2918,64820.0,77,,227
2919,902.0,49,,119
2920,911.0,50,,119
2921,72854.0,51,,119
2922,20104.0,21,,120
2923,40075.0,2,,244
2924,35668.0,60,,107
2925,58090.0,61,,107
2926,34119.0,67,,229
2927,49941.0,68,,229
2928,49948.0,69,,229
2929,64998.0,70,,229
2930,73230.0,49,,108
2931,38567.0,81,,198
2932,32814.0,90,,134
2933,63414.0,5,,005
2934,37785.0,64,,222
2935,39284.0,65,,222
2936,40527.0,66,,222
2937,42111.0,67,,222
2938,64304.0,68,,222
2939,73706.0,139,,019
2940,64748.0,1547,,237
2941,73581.0,16,,124
2942,33230.0,90,,204
2943,70907.0,91,,204
2944,71571.0,92,,204
2945,71573.0,93,,204
2946,96.0,71,,150
2947,246.0,72,,150
2948,56224.0,73,,150
2949,56804.0,74,,150
2950,57993.0,75,,150
2951,65048.0,115,,151
2952,73167.0,66,,113
2953,38110.0,28,,217
2954,35604.0,104,,137
2955,56040.0,105,,137
2956,2510.0,132,,153
2957,54993.0,67,,023
2958,43945.0,89,,213
2959,72169.0,90,,213
2960,37769.0,27,,225
2961,34480.0,132,,232
2962,64459.0,133,,232
2963,40999.0,57,,208
2964,64650.0,58,,208
2965,73168.0,56,,114
2966,34502.0,63,,192
2967,54933.0,23,,029
2968,54702.0,1,,032
2969,42065.0,146,,182
2970,32077.0,83,,226
2971,284.0,81,,127
2972,287.0,82,,127
2973,35068.0,83,,127
2974,394.0,19,,099
2975,434.0,78,,100
2976,12843.0,79,,100
2977,36337.0,80,,100
2978,57803.0,81,,100
2979,37882.0,1,,003
2980,73830.0,57,,240
2981,438.0,141,,101
2982,59998.0,142,,101
2983,59135.0,4,,139
2984,59265.0,31,,139
2985,59287.0,4,,139
2986,72474.0,32,,139
2987,672.0,123,,140
2988,87.0,35,,130
2989,35429.0,36,,130
2990,80.0,113,,142
2991,1440.0,114,,142
2992,73176.0,47,,102
2993,120.0,59,,074
2994,1498.0,60,,074
2995,56317.0,46,,047
2996,34801.0,224,,216
2997,34922.0,225,,216
2998,67103.0,257,,195
2999,39836.0,3,,050
3000,40986.0,31,,146
3001,40987.0,32,,146
3002,64794.0,33,,146
3003,40305.0,66,,212
3004,63233.0,78,,227
3005,41008.0,23,,147
3006,73241.0,59,,079
3007,55924.0,22,,120
3008,63896.0,20,,244
3009,66437.0,88,,189
3010,34205.0,71,,229
3011,49939.0,72,,229
3012,61545.0,50,,108
3013,64077.0,1,,219
3014,64078.0,2,,219
3015,64079.0,3,,219
3016,58481.0,91,,134
3017,73322.0,92,,134
3018,35277.0,200,,200
3019,34576.0,1548,,237
3020,38626.0,1549,,237
3021,37679.0,41,,007
3022,72229.0,42,,007
3023,55736.0,17,,124
3024,35406.0,34,,084
3025,73305.0,2,,084
3026,35486.0,76,,150
3027,37996.0,29,,217
3028,38579.0,30,,217
3029,2168.0,39,,136
3030,2173.0,40,,136
3031,88172.0,30,,206
3032,39943.0,91,,213
3033,73392.0,28,,225
3034,35847.0,118,,069
3035,64488.0,134,,232
3036,65144.0,135,,232
3037,85380.0,136,,232
3038,64621.0,59,,208
3039,17125.0,55,,115
3040,34498.0,64,,192
3041,22429.0,161,,125
3042,152.0,162,,096
3043,33940.0,48,,233
3044,33941.0,49,,233
3045,39022.0,50,,233
3046,41981.0,51,,233
3047,35656.0,44,,126
3048,59367.0,45,,126
3049,59370.0,46,,126
3050,73115.0,37,,097
3051,237.0,36,,071
3052,32021.0,84,,226
3053,61165.0,85,,226
3054,61166.0,86,,226
3055,36115.0,84,,127
3056,352.0,4,,128
3057,36232.0,40,,128
3058,87607.0,41,,128
3059,73524.0,20,,099
3060,57864.0,82,,100
3061,498.0,44,,072
3062,85369.0,45,,072
3063,63743.0,58,,240
3064,435.0,6,,139
3065,59173.0,33,,139
3066,620.0,124,,140
3067,476.0,37,,130
3068,73375.0,35,,141
3069,64735.0,44,,026
3070,1588.0,48,,102
3071,12382.0,49,,102
3072,34571.0,61,,074
3073,35002.0,55,,076
3074,64346.0,56,,076
3075,73519.0,25,,077
3076,36672.0,47,,047
3077,41233.0,258,,195
3078,65830.0,259,,195
3079,58026.0,120,,103
3080,40048.0,3,,131
3081,33700.0,79,,227
3082,63225.0,80,,227
3083,64230.0,81,,227
3084,64231.0,82,,227
3085,64761.0,83,,227
3086,41007.0,24,,147
3087,21758.0,23,,104
3088,72727.0,52,,119
3089,40198.0,55,,239
3090,85885.0,56,,239
3091,758.0,62,,107
3092,64155.0,73,,229
3093,1255.0,51,,108
3094,61299.0,52,,108
3095,73228.0,53,,108
3096,38570.0,82,,198
3097,27948.0,89,,135
3098,60641.0,90,,135
3099,42251.0,83,,178
3100,85157.0,84,,178
3101,85158.0,85,,178
3102,35122.0,201,,200
3103,38996.0,202,,200
3104,37688.0,69,,222
3105,37712.0,70,,222
3106,57434.0,17,,109
3107,73579.0,18,,124
3108,2219.0,35,,084
3109,2148.0,77,,150
3110,65099.0,116,,151
3111,70446.0,62,,205
3112,39243.0,2,,009
3113,69675.0,30,,066
3114,14020.0,106,,137
3115,69312.0,31,,206
3116,73037.0,32,,206
3117,42402.0,522,,191
3118,66404.0,523,,191
3119,35875.0,119,,069
3120,73166.0,57,,114
3121,35664.0,56,,115
3122,66088.0,56,,164
3123,4.0,163,,096
3124,71374.0,24,,029
3125,33946.0,52,,233
3126,33957.0,53,,233
3127,72541.0,47,,126
3128,72542.0,48,,126
3129,73413.0,25,,098
3130,35069.0,16,,071
3131,35070.0,37,,071
3132,36224.0,16,,071
3133,53192.0,16,,071
3134,56916.0,16,,071
3135,32038.0,87,,226
3136,87633.0,88,,226
3137,31867.0,85,,127
3138,54641.0,103,,040
3139,65015.0,59,,240
3140,426.0,4,,139
3141,72475.0,34,,139
3142,99.0,38,,130
3143,589.0,115,,142
3144,592.0,116,,142
3145,73175.0,50,,102
3146,67739.0,49,,186
3147,67744.0,50,,186
3148,65792.0,260,,195
3149,58024.0,121,,103
3150,40297.0,67,,212
3151,71092.0,68,,212
3152,931.0,24,,104
3153,993.0,53,,119
3154,73238.0,60,,079
3155,73240.0,61,,079
3156,20881.0,23,,120
3157,63894.0,21,,244
3158,42290.0,89,,189
3159,86164.0,57,,239
3160,35767.0,74,,229
3161,63408.0,75,,229
3162,85623.0,76,,229
3163,34350.0,83,,198
3164,34351.0,84,,198
3165,73321.0,93,,134
3166,35124.0,203,,200
3167,38995.0,204,,200
3168,43230.0,205,,200
3169,72688.0,206,,200
3170,72689.0,207,,200
3171,85622.0,71,,222
3172,42491.0,380,,190
3173,33184.0,94,,204
3174,33192.0,95,,204
3175,158.0,78,,150
3176,35487.0,79,,150
3177,36522.0,27,,065
3178,36682.0,28,,065
3179,72426.0,41,,136
3180,73544.0,42,,136
3181,37616.0,16,,009
3182,69665.0,31,,066
3183,69430.0,33,,206
3184,73035.0,34,,206
3185,64491.0,137,,232
3186,1364.0,58,,114
3187,42282.0,57,,164
3188,33925.0,54,,233
3189,33929.0,55,,233
3190,39369.0,56,,233
3191,18.0,49,,126
3192,73357.0,50,,126
3193,36225.0,16,,071
3194,56465.0,16,,071
3195,32080.0,89,,226
3196,36116.0,86,,127
3197,36233.0,42,,128
3198,395.0,21,,099
3199,36338.0,83,,100
3200,57805.0,84,,100
3201,57889.0,85,,100
3202,694.0,46,,072
3203,73775.0,143,,101
3204,493.0,36,,141
3205,73374.0,37,,141
3206,60483.0,51,,102
3207,42211.0,51,,186
3208,1468.0,62,,074
3209,35001.0,57,,076
3210,73518.0,26,,077
3211,66955.0,261,,195
3212,67074.0,262,,195
3213,33697.0,84,,227
3214,72726.0,54,,119
3215,58662.0,62,,079
3216,34079.0,77,,229
3217,49955.0,78,,229
3218,63813.0,79,,229
3219,64292.0,80,,229
3220,64576.0,81,,229
3221,68078.0,82,,229
3222,85708.0,83,,229
3223,1336.0,54,,108
3224,34344.0,85,,198
3225,35278.0,208,,200
3226,64168.0,72,,222
3227,34702.0,1550,,237
3228,40057.0,4,,060
3229,54907.0,5,,060
3230,73580.0,19,,124
3231,70565.0,96,,204
3232,2156.0,80,,150
3233,64629.0,410,,231
3234,35535.0,43,,136
3235,72431.0,44,,136
3236,65772.0,17,,009
3237,85621.0,18,,009
3238,35605.0,107,,137
3239,34187.0,138,,232
3240,34188.0,139,,232
3241,34207.0,140,,232
3242,72639.0,57,,115
3243,71490.0,97,,204
3244,52909.0,35,,139
3245,33486.0,98,,204
3246,33487.0,99,,204
3247,63151.0,31,,217
3248,69192.0,65,,078
3249,1933.0,67,,113
3250,71213.0,48,,047
3251,35336.0,32,,217
3252,38001.0,33,,217
3253,38094.0,34,,217
3254,62952.0,58,,115
3255,1617.0,66,,078
3256,18302.0,59,,115
3257,35332.0,209,,200
3258,1497.0,63,,074
3259,72609.0,64,,074
3260,12050.0,36,,084
3261,32020.0,90,,226
3262,53843.0,92,,213
3263,61987.0,91,,135
3264,52485.0,87,,127
3265,53923.0,93,,213
3266,53218.0,38,,097
3267,57978.0,65,,074
3268,85251.0,52,,186
3269,57977.0,66,,074
3270,38240.0,18,,236
3271,31821.0,88,,127
3272,66867.0,147,,182
3273,73289.0,85,,227
3274,2107.0,67,,074
3275,24219.0,144,,101
3276,66964.0,226,,216
3277,2089.0,68,,074
3278,31787.0,164,,096
3279,38913.0,210,,200
3280,30356.0,10,,109
3281,35702.0,211,,200
3282,38093.0,227,,216
3283,53195.0,,1,096
3284,65750.0,,2,096
3285,65754.0,,3,096
3286,67417.0,,4,096
3287,73552.0,,5,096
3288,73554.0,,6,096
3289,73564.0,,7,096
3290,73908.0,,8,096
3291,73910.0,,9,096
3292,73914.0,,10,096
3293,52888.0,,1,182
3294,72297.0,,1,239
3295,65749.0,,11,096
3296,54380.0,,1,212
3297,52546.0,,1,115
3298,43785.0,,12,096
3299,30225.0,,1,079
3300,64200.0,,13,096
3301,64976.0,,14,096
3302,30805.0,,1,103
3303,66311.0,,15,096
3304,55737.0,,1,128
3305,53564.0,,1,204
3306,64146.0,,16,096
3307,46972.0,,2,204
3308,39001.0,,3,204
3309,2452.0,,1,150
3310,47051.0,,2,150
3311,73345.0,,3,150
3312,22643.0,,4,150
3313,85314.0,,5,150
3314,69372.0,,1,216
3315,35600.0,,1,229
3316,67002.0,,1,247
3317,47054.0,,6,150
3318,73809.0,,17,096
3319,21570.0,,7,150
3320,47180.0,,8,150
3321,42238.0,,1,186
